{
  "inputs": {
    "reference": "input\\原图_示例.png",
    "compressed": "input\\压缩图_示例.jpg",
    "block_size": 32,
    "threshold": 0.55
  },
  "global": {
    "detail_loss_mean": 0.2939417362213135,
    "gradient_loss_mean": 0.14175283908843994,
    "highfreq_loss_mean": 0.2842640280723572,
    "block_artifact_mean": 0.025958692654967308,
    "candidate_area_ratio": 0.2615865071614583
  },
  "regional": {
    "total_region_count": 192,
    "severe_region_count": 46,
    "severe_region_ratio": 0.23958333333333334,
    "highfreq_loss_region_count": 60,
    "highfreq_loss_region_ratio": 0.3125,
    "top_10_regions": [
      {
        "block_id": 23,
        "x": 224,
        "y": 32,
        "width": 32,
        "height": 32,
        "detail_loss_score": 0.7748420238494873,
        "gradient_loss_score": 0.41919416189193726,
        "direction_change_score": 0.5011383295059204,
        "dct_highfreq_loss_score": 1.0,
        "dct_highfreq_ref_energy": 2.5814502239227295,
        "dct_highfreq_cmp_energy": 0.0,
        "dct_highfreq_loss_ratio": 0.9999999961262085,
        "dct_midfreq_ref_energy": 17.35235595703125,
        "dct_midfreq_cmp_energy": 0.0,
        "dct_midfreq_loss_ratio": 0.9999999994237093,
        "block_artifact_score": 0.0,
        "is_candidate_region": 1,
        "region_decision": "高频生成候选"
      },
      {
        "block_id": 24,
        "x": 256,
        "y": 32,
        "width": 32,
        "height": 32,
        "detail_loss_score": 0.7748420238494873,
        "gradient_loss_score": 0.41919416189193726,
        "direction_change_score": 0.5011383295059204,
        "dct_highfreq_loss_score": 1.0,
        "dct_highfreq_ref_energy": 2.5814502239227295,
        "dct_highfreq_cmp_energy": 0.0,
        "dct_highfreq_loss_ratio": 0.9999999961262085,
        "dct_midfreq_ref_energy": 17.35235595703125,
        "dct_midfreq_cmp_energy": 0.0,
        "dct_midfreq_loss_ratio": 0.9999999994237093,
        "block_artifact_score": 0.0,
        "is_candidate_region": 1,
        "region_decision": "高频生成候选"
      },
      {
        "block_id": 39,
        "x": 224,
        "y": 64,
        "width": 32,
        "height": 32,
        "detail_loss_score": 0.7748420238494873,
        "gradient_loss_score": 0.41919416189193726,
        "direction_change_score": 0.5011383295059204,
        "dct_highfreq_loss_score": 1.0,
        "dct_highfreq_ref_energy": 2.5814502239227295,
        "dct_highfreq_cmp_energy": 0.0,
        "dct_highfreq_loss_ratio": 0.9999999961262085,
        "dct_midfreq_ref_energy": 17.35235595703125,
        "dct_midfreq_cmp_energy": 0.0,
        "dct_midfreq_loss_ratio": 0.9999999994237093,
        "block_artifact_score": 0.0,
        "is_candidate_region": 1,
        "region_decision": "高频生成候选"
      },
      {
        "block_id": 40,
        "x": 256,
        "y": 64,
        "width": 32,
        "height": 32,
        "detail_loss_score": 0.7748420238494873,
        "gradient_loss_score": 0.41919416189193726,
        "direction_change_score": 0.5011383295059204,
        "dct_highfreq_loss_score": 1.0,
        "dct_highfreq_ref_energy": 2.5814502239227295,
        "dct_highfreq_cmp_energy": 0.0,
        "dct_highfreq_loss_ratio": 0.9999999961262085,
        "dct_midfreq_ref_energy": 17.35235595703125,
        "dct_midfreq_cmp_energy": 0.0,
        "dct_midfreq_loss_ratio": 0.9999999994237093,
        "block_artifact_score": 0.0,
        "is_candidate_region": 1,
        "region_decision": "高频生成候选"
      },
      {
        "block_id": 55,
        "x": 224,
        "y": 96,
        "width": 32,
        "height": 32,
        "detail_loss_score": 0.7748420238494873,
        "gradient_loss_score": 0.41919416189193726,
        "direction_change_score": 0.5011383295059204,
        "dct_highfreq_loss_score": 1.0,
        "dct_highfreq_ref_energy": 2.5814502239227295,
        "dct_highfreq_cmp_energy": 0.0,
        "dct_highfreq_loss_ratio": 0.9999999961262085,
        "dct_midfreq_ref_energy": 17.35235595703125,
        "dct_midfreq_cmp_energy": 0.0,
        "dct_midfreq_loss_ratio": 0.9999999994237093,
        "block_artifact_score": 0.0,
        "is_candidate_region": 1,
        "region_decision": "高频生成候选"
      },
      {
        "block_id": 56,
        "x": 256,
        "y": 96,
        "width": 32,
        "height": 32,
        "detail_loss_score": 0.7748420238494873,
        "gradient_loss_score": 0.41919416189193726,
        "direction_change_score": 0.5011383295059204,
        "dct_highfreq_loss_score": 1.0,
        "dct_highfreq_ref_energy": 2.5814502239227295,
        "dct_highfreq_cmp_energy": 0.0,
        "dct_highfreq_loss_ratio": 0.9999999961262085,
        "dct_midfreq_ref_energy": 17.35235595703125,
        "dct_midfreq_cmp_energy": 0.0,
        "dct_midfreq_loss_ratio": 0.9999999994237093,
        "block_artifact_score": 0.0,
        "is_candidate_region": 1,
        "region_decision": "高频生成候选"
      },
      {
        "block_id": 71,
        "x": 224,
        "y": 128,
        "width": 32,
        "height": 32,
        "detail_loss_score": 0.7748420238494873,
        "gradient_loss_score": 0.41919416189193726,
        "direction_change_score": 0.5011383295059204,
        "dct_highfreq_loss_score": 1.0,
        "dct_highfreq_ref_energy": 2.5814502239227295,
        "dct_highfreq_cmp_energy": 0.0,
        "dct_highfreq_loss_ratio": 0.9999999961262085,
        "dct_midfreq_ref_energy": 17.35235595703125,
        "dct_midfreq_cmp_energy": 0.0,
        "dct_midfreq_loss_ratio": 0.9999999994237093,
        "block_artifact_score": 0.0,
        "is_candidate_region": 1,
        "region_decision": "高频生成候选"
      },
      {
        "block_id": 72,
        "x": 256,
        "y": 128,
        "width": 32,
        "height": 32,
        "detail_loss_score": 0.7748420238494873,
        "gradient_loss_score": 0.41919416189193726,
        "direction_change_score": 0.5011383295059204,
        "dct_highfreq_loss_score": 1.0,
        "dct_highfreq_ref_energy": 2.5814502239227295,
        "dct_highfreq_cmp_energy": 0.0,
        "dct_highfreq_loss_ratio": 0.9999999961262085,
        "dct_midfreq_ref_energy": 17.35235595703125,
        "dct_midfreq_cmp_energy": 0.0,
        "dct_midfreq_loss_ratio": 0.9999999994237093,
        "block_artifact_score": 0.0,
        "is_candidate_region": 1,
        "region_decision": "高频生成候选"
      },
      {
        "block_id": 87,
        "x": 224,
        "y": 160,
        "width": 32,
        "height": 32,
        "detail_loss_score": 0.7748420238494873,
        "gradient_loss_score": 0.41919416189193726,
        "direction_change_score": 0.5011383295059204,
        "dct_highfreq_loss_score": 1.0,
        "dct_highfreq_ref_energy": 2.5814502239227295,
        "dct_highfreq_cmp_energy": 0.0,
        "dct_highfreq_loss_ratio": 0.9999999961262085,
        "dct_midfreq_ref_energy": 17.35235595703125,
        "dct_midfreq_cmp_energy": 0.0,
        "dct_midfreq_loss_ratio": 0.9999999994237093,
        "block_artifact_score": 0.0,
        "is_candidate_region": 1,
        "region_decision": "高频生成候选"
      },
      {
        "block_id": 88,
        "x": 256,
        "y": 160,
        "width": 32,
        "height": 32,
        "detail_loss_score": 0.7748420238494873,
        "gradient_loss_score": 0.41919416189193726,
        "direction_change_score": 0.5011383295059204,
        "dct_highfreq_loss_score": 1.0,
        "dct_highfreq_ref_energy": 2.5814502239227295,
        "dct_highfreq_cmp_energy": 0.0,
        "dct_highfreq_loss_ratio": 0.9999999961262085,
        "dct_midfreq_ref_energy": 17.35235595703125,
        "dct_midfreq_cmp_energy": 0.0,
        "dct_midfreq_loss_ratio": 0.9999999994237093,
        "block_artifact_score": 0.0,
        "is_candidate_region": 1,
        "region_decision": "高频生成候选"
      }
    ]
  },
  "numeric_changes": {
    "gradient": {
      "reference_mean": 0.3290257751941681,
      "compressed_mean": 0.045501817017793655,
      "absolute_change": -0.28352395817637444,